{
  "metadata": {
    "episodes": 100,
    "seed": 42,
    "workers": 16,
    "total_time_s": 1094.5612332059973
  },
  "dist_metrics": {
    "UNIFORM": {
      "edge_occupancy": 0.2820470929145813,
      "mean_dist_to_edge": 0.2827247381210327,
      "occupancy_entropy": 6.607059001922607,
      "kl_from_uniform": 0.036798350512981415,
      "shift_metric": 0.0
    },
    "EDGE": {
      "edge_occupancy": 0.46400001645088196,
      "mean_dist_to_edge": 0.19049413204193116,
      "occupancy_entropy": 6.588110446929932,
      "kl_from_uniform": 0.055745627731084824,
      "shift_metric": 0.032516079023480415
    },
    "CLUSTER": {
      "edge_occupancy": 0.07470587641000748,
      "mean_dist_to_edge": 0.4516940116882324,
      "occupancy_entropy": 5.985517978668213,
      "kl_from_uniform": 0.6583372354507446,
      "shift_metric": 0.11349616944789886
    },
    "SPREAD": {
      "edge_occupancy": 0.6849411725997925,
      "mean_dist_to_edge": 0.1458117723464966,
      "occupancy_entropy": 6.1446967124938965,
      "kl_from_uniform": 0.49915969371795654,
      "shift_metric": 0.16944565623998642
    },
    "PARITY": {
      "edge_occupancy": 0.2755294740200043,
      "mean_dist_to_edge": 0.28458824157714846,
      "occupancy_entropy": 6.546031951904297,
      "kl_from_uniform": 0.09782525897026062,
      "shift_metric": 0.014815557282418013
    }
  },
  "suite": {
    "random": {
      "description": "Random baseline — fires at random valid cells",
      "delta_gen": {
        "EDGE": -1.279998779296875,
        "CLUSTER": -0.6800003051757812,
        "SPREAD": -0.470001220703125,
        "PARITY": -0.529998779296875
      },
      "defenders": {
        "UNIFORM": {
          "perf": {
            "mean": 96.0,
            "std": 4.230839252471924,
            "p90": 100.0,
            "fail_rate": 0.0,
            "fallback_rate": 0.0,
            "rejections": {}
          },
          "diagnostics": {
            "time_to_first_hit": 4.0,
            "hit_rate": 0.17708333333333334,
            "hunt_efficiency": 0.041666666666666664,
            "revisit_rate": 0.0,
            "shots_per_ship_sunk": 19.2
          }
        },
        "EDGE": {
          "perf": {
            "mean": 94.72000122070312,
            "std": 5.639290809631348,
            "p90": 100.0,
            "fail_rate": 0.0,
            "fallback_rate": 0.0,
            "rejections": {}
          },
          "diagnostics": {
            "time_to_first_hit": 3.41,
            "hit_rate": 0.17947635135135134,
            "hunt_efficiency": 0.03600084459459459,
            "revisit_rate": 0.0,
            "shots_per_ship_sunk": 18.944
          }
        },
        "CLUSTER": {
          "perf": {
            "mean": 95.31999969482422,
            "std": 4.791408538818359,
            "p90": 100.0,
            "fail_rate": 0.0,
            "fallback_rate": 0.0,
            "rejections": {}
          },
          "diagnostics": {
            "time_to_first_hit": 4.66,
            "hit_rate": 0.17834662190516157,
            "hunt_efficiency": 0.04888795635753252,
            "revisit_rate": 0.0,
            "shots_per_ship_sunk": 19.064
          }
        },
        "SPREAD": {
          "perf": {
            "mean": 95.52999877929688,
            "std": 4.757005214691162,
            "p90": 100.0,
            "fail_rate": 0.0,
            "fallback_rate": 0.0,
            "rejections": {}
          },
          "diagnostics": {
            "time_to_first_hit": 5.63,
            "hit_rate": 0.17795456924526326,
            "hunt_efficiency": 0.05893436616769601,
            "revisit_rate": 0.0,
            "shots_per_ship_sunk": 19.106
          }
        },
        "PARITY": {
          "perf": {
            "mean": 95.47000122070312,
            "std": 4.659302711486816,
            "p90": 100.0,
            "fail_rate": 0.0,
            "fallback_rate": 0.0,
            "rejections": {}
          },
          "diagnostics": {
            "time_to_first_hit": 3.73,
            "hit_rate": 0.17806640829579973,
            "hunt_efficiency": 0.03906986487901959,
            "revisit_rate": 0.0,
            "shots_per_ship_sunk": 19.094
          }
        }
      }
    },
    "heuristic": {
      "description": "ProbMap heuristic — probability-sampling constraint backtracker",
      "delta_gen": {
        "EDGE": 1.8699989318847656,
        "CLUSTER": 1.5099983215332031,
        "SPREAD": 4.849998474121094,
        "PARITY": -0.13000106811523438
      },
      "defenders": {
        "UNIFORM": {
          "perf": {
            "mean": 44.68000030517578,
            "std": 8.880179405212402,
            "p90": 58.0,
            "fail_rate": 0.0,
            "fallback_rate": 0.0,
            "rejections": {
              "bounds_violation": 0,
              "overlap_violation": 11285776789,
              "miss_violation": 5539683543,
              "hit_violation": 16131224661,
              "not_sunk_fully_hit_violation": 2918010
            }
          },
          "diagnostics": {
            "time_to_first_hit": 2.96,
            "hit_rate": 0.38048343777976723,
            "hunt_efficiency": 0.06624888093106536,
            "revisit_rate": 0.0,
            "shots_per_ship_sunk": 8.936
          }
        },
        "EDGE": {
          "perf": {
            "mean": 46.54999923706055,
            "std": 8.95028018951416,
            "p90": 59.10000000000001,
            "fail_rate": 0.0,
            "fallback_rate": 0.0,
            "rejections": {
              "bounds_violation": 0,
              "overlap_violation": 9235141371,
              "miss_violation": 8398705658,
              "hit_violation": 10641545455,
              "not_sunk_fully_hit_violation": 2689195
            }
          },
          "diagnostics": {
            "time_to_first_hit": 5.55,
            "hit_rate": 0.3651987110633727,
            "hunt_efficiency": 0.11922663802363051,
            "revisit_rate": 0.0,
            "shots_per_ship_sunk": 9.31
          }
        },
        "CLUSTER": {
          "perf": {
            "mean": 46.189998626708984,
            "std": 10.646778106689453,
            "p90": 60.0,
            "fail_rate": 0.0,
            "fallback_rate": 0.0,
            "rejections": {
              "bounds_violation": 0,
              "overlap_violation": 15233231690,
              "miss_violation": 4713835457,
              "hit_violation": 23948048853,
              "not_sunk_fully_hit_violation": 4045129
            }
          },
          "diagnostics": {
            "time_to_first_hit": 1.43,
            "hit_rate": 0.3680450313920762,
            "hunt_efficiency": 0.030959082052392294,
            "revisit_rate": 0.0,
            "shots_per_ship_sunk": 9.238
          }
        },
        "SPREAD": {
          "perf": {
            "mean": 49.529998779296875,
            "std": 7.799300193786621,
            "p90": 61.0,
            "fail_rate": 0.0,
            "fallback_rate": 0.0,
            "rejections": {
              "bounds_violation": 0,
              "overlap_violation": 10095125970,
              "miss_violation": 8982991973,
              "hit_violation": 10610926030,
              "not_sunk_fully_hit_violation": 2611250
            }
          },
          "diagnostics": {
            "time_to_first_hit": 5.59,
            "hit_rate": 0.34322632747829596,
            "hunt_efficiency": 0.11286089238845144,
            "revisit_rate": 0.0,
            "shots_per_ship_sunk": 9.906
          }
        },
        "PARITY": {
          "perf": {
            "mean": 44.54999923706055,
            "std": 9.9462308883667,
            "p90": 59.0,
            "fail_rate": 0.0,
            "fallback_rate": 0.0,
            "rejections": {
              "bounds_violation": 0,
              "overlap_violation": 10701970574,
              "miss_violation": 5646093457,
              "hit_violation": 15272163996,